<?xml version="1.0" encoding="UTF-8"?>
<beans xmlns="http://www.springframework.org/schema/beans"
       xmlns:xsi="http://www.w3.org/2001/XMLSchema-instance"
       xmlns:context="http://www.springframework.org/schema/context"
       xsi:schemaLocation="http://www.springframework.org/schema/beans http://www.springframework.org/schema/beans/spring-beans.xsd
       http://www.springframework.org/schema/context http://www.springframework.org/schema/context/spring-context.xsd">

<bean id="rateLimiterLua" class="org.springframework.data.redis.core.script.DefaultRedisScript">
        <property name="location" value="classpath:ratelimit.lua"/>
        <property name="resultType" value="java.lang.Long"/>
    </bean>

    <bean id="poolConfig" class="redis.clients.jedis.JedisPoolConfig">
        <!--可以再次自定义redis连接池参数-->
        <property name="maxIdle" value="100" />
        <property name="maxWaitMillis" value="1000" />
        <property name="testOnBorrow" value="true" />
        <property name="maxTotal" value="300"/>
    </bean>

    <bean id="connectionFactory"
          class="org.springframework.data.redis.connection.jedis.JedisConnectionFactory">
        <property name="poolConfig" ref="poolConfig"/>
        <property name="port" value="${redis.port}"/>
        <property name="hostName" value="${redis.host}"/>
    </bean>

    <bean id="stringRedisTemplate" class="org.springframework.data.redis.core.StringRedisTemplate">
        <property name="connectionFactory" ref="connectionFactory"/>
        <property name="defaultSerializer">
            <bean class="org.springframework.data.redis.serializer.StringRedisSerializer"/>
        </property>
    </bean>

    <context:component-scan base-package="com.gupaoedu.ratelimit"/>
</beans>